<?xml version="1.0" encoding="utf-8" ?>
<manifest identifier="SingleCourseManifest" version="1.2"
          xmlns="http://www.imsproject.org/xsd/imscp_rootv1p1p2"
          xmlns:adlcp="http://www.adlnet.org/xsd/adlcp_rootv1p2"
          xmlns:xsi="http://www.w3.org/2001/XMLSchema-instance"
          xsi:schemaLocation="http://www.imsproject.org/xsd/imscp_rootv1p1p2 imscp_rootv1p1p2.xsd
                              http://www.imsglobal.org/xsd/imsmd_rootv1p2p1 imsmd_rootv1p2p1.xsd
                              http://www.adlnet.org/xsd/adlcp_rootv1p2 adlcp_rootv1p2.xsd">
	
	<organizations default="TreinamentoSegurancaDaInformacao2023">
		
		<organization identifier="TreinamentoSegurancaDaInformacao2023">
			
			<title>Segurança da Informação</title>

			<item identifier="MOD_001">
				<title>Módulo</title>
			
				<item identifier="MOD_1_SCO_1" identifierref="RES_1" isvisible="true">
					<title>Segurança da Informação</title>
				</item>

				<item identifier="MOD_1_SCO_2" identifierref="RES_2" isvisible="true">
					<title>Boas-vindas</title>
				</item>

				<item identifier="MOD_1_SCO_3" identifierref="RES_3" isvisible="true">
					<title>Segurança da Informação - Vídeo</title>
				</item>

				<item identifier="MOD_1_SCO_4" identifierref="RES_4" isvisible="true">
					<title>Módulo 1</title>
				</item>

				<item identifier="MOD_1_SCO_5" identifierref="RES_5" isvisible="true">
					<title>Estrutura do Módulo</title>
				</item>

				<item identifier="MOD_1_SCO_6" identifierref="RES_6" isvisible="true">
					<title>O Valor da Informação - Vídeo</title>
				</item>

				<item identifier="MOD_1_SCO_7" identifierref="RES_7" isvisible="true">
					<title>Objetivos do Módulo</title>
				</item>

				<item identifier="MOD_1_SCO_8" identifierref="RES_8" isvisible="true">
					<title>Ataques Cibernéticos</title>
				</item>

				<item identifier="MOD_1_SCO_9" identifierref="RES_9" isvisible="true">
					<title>Hacker ou Cracker?</title>
				</item>

				<item identifier="MOD_1_SCO_10" identifierref="RES_10" isvisible="true">
					<title>Estratégias Afya</title>
				</item>

				<item identifier="MOD_1_SCO_11" identifierref="RES_11" isvisible="true">
					<title>Pilares</title>
				</item>

				<item identifier="MOD_1_SCO_12" identifierref="RES_12" isvisible="true">
					<title>Pilares</title>
				</item>
				
				<item identifier="MOD_1_SCO_13" identifierref="RES_13" isvisible="true">
					<title>Desafios</title>
				</item>
				
				<item identifier="MOD_1_SCO_14" identifierref="RES_14" isvisible="true">
					<title>Um dever de todos</title>
				</item>
				
				<item identifier="MOD_1_SCO_15" identifierref="RES_15" isvisible="true">
					<title>Saiba Mais Sobre Nossos Procedimentos</title>
				</item>
				
				<item identifier="MOD_1_SCO_16" identifierref="RES_16" isvisible="true">
					<title>Engenharia Social</title>
				</item>
				
				<item identifier="MOD_1_SCO_17" identifierref="RES_17" isvisible="true">
					<title>Percebeu que os Ataques Podem ser Realizados em Qualquer Meio? Outros Mecanismos Utilizados São:</title>
				</item>
				
				<item identifier="MOD_1_SCO_18" identifierref="RES_18" isvisible="true">
					<title>Tipos de Ataque de Engenharia Social</title>
				</item>
				
				<item identifier="MOD_1_SCO_19" identifierref="RES_19" isvisible="true">
					<title>Phishing</title>
				</item>
				
				<item identifier="MOD_1_SCO_20" identifierref="RES_20" isvisible="true">
					<title>Baiting</title>
				</item>

				<item identifier="MOD_1_SCO_21" identifierref="RES_21" isvisible="true">
					<title>Pretexting</title>
				</item>

				<item identifier="MOD_1_SCO_22" identifierref="RES_22" isvisible="true">
					<title>Presencial</title>
				</item>

				<item identifier="MOD_1_SCO_23" identifierref="RES_23" isvisible="true">
					<title>Sextorsion</title>
				</item>

				<item identifier="MOD_1_SCO_24" identifierref="RES_24" isvisible="true">
					<title>Outros tipos de Ameaças Cibernéticas</title>
				</item>

				<item identifier="MOD_1_SCO_25" identifierref="RES_25" isvisible="true">
					<title>Ferramentas utilizadas pelos Cibercriminosos</title>
				</item>

				<item identifier="MOD_1_SCO_26" identifierref="RES_26" isvisible="true">
					<title>Encerramento</title>
				</item>

				<item identifier="MOD_1_SCO_27" identifierref="RES_27" isvisible="true">
					<title>Módulo 2</title>
				</item>

				<item identifier="MOD_1_SCO_28" identifierref="RES_28" isvisible="true">
					<title>Estrutura do Módulo</title>
				</item>

				<item identifier="MOD_1_SCO_29" identifierref="RES_29" isvisible="true">
					<title>Objetivos do Módulo</title>
				</item>

				<item identifier="MOD_1_SCO_30" identifierref="RES_30" isvisible="true">
					<title>Tecnologias Interligadas</title>
				</item>

				<item identifier="MOD_1_SCO_31" identifierref="RES_31" isvisible="true">
					<title>Classificação das Informações</title>
				</item>

				<item identifier="MOD_1_SCO_32" identifierref="RES_32" isvisible="true">
					<title>Cuidados com a informação</title>
				</item>

				<item identifier="MOD_1_SCO_33" identifierref="RES_33" isvisible="true">
					<title>Cuidados com o Compartilhamento das Informações</title>
				</item>

				<item identifier="MOD_1_SCO_34" identifierref="RES_34" isvisible="true">
					<title>Fique de olho</title>
				</item>

				<item identifier="MOD_1_SCO_35" identifierref="RES_35" isvisible="true">
					<title>Atenção às Senhas</title>
				</item>

				<item identifier="MOD_1_SCO_36" identifierref="RES_36" isvisible="true">
					<title>Confira algumas algumas dicas</title>
				</item>

				<item identifier="MOD_1_SCO_37" identifierref="RES_37" isvisible="true">
					<title>Uso do E-mail</title>
				</item>

				<item identifier="MOD_1_SCO_38" identifierref="RES_38" isvisible="true">
					<title>Cuidado com o Uso de Dados Pessoais</title>
				</item>

				<item identifier="MOD_1_SCO_39" identifierref="RES_39" isvisible="true">
					<title>Uso de Redes Sociais</title>
				</item>

				<item identifier="MOD_1_SCO_40" identifierref="RES_40" isvisible="true">
					<title>Mantenha Antivírus e Softwares Atualizados</title>
				</item>

				<item identifier="MOD_1_SCO_41" identifierref="RES_41" isvisible="true">
					<title>Internet e Navegação</title>
				</item>

				<item identifier="MOD_1_SCO_42" identifierref="RES_42" isvisible="true">
					<title>Uso de Equipamentos e do Ambiente Corporativo</title>
				</item>

				<item identifier="MOD_1_SCO_43" identifierref="RES_43" isvisible="true">
					<title>Recapitulando</title>
				</item>

				<item identifier="MOD_1_SCO_44" identifierref="RES_44" isvisible="true">
					<title>Importância da Área e Conexão com os Demais - Vídeo</title>
				</item>

				<item identifier="MOD_1_SCO_45" identifierref="RES_45" isvisible="true">
					<title>Encerramento</title>
				</item>

				<item identifier="MOD_1_SCO_46" identifierref="RES_46" isvisible="true">
					<title>Obrigado!</title>
				</item>

			</item>
			
			<metadata>
				<schema>ADL SCORM</schema>
				<schemaversion>1.2</schemaversion>
				<lom xmlns="http://www.imsglobal.org/xsd/imsmd_rootv1p2p1"
					xmlns:xsi="http://www.w3.org/2001/XMLSchema-instance"
					xsi:schemaLocation="http://www.imsglobal.org/xsd/imsmd_rootv1p2p1 imsmd_rootv1p2p1.xsd">
					<general>
						<title>
							<langstring xml:lang="x-none">E-learning Course</langstring>
						</title>
						<catalogentry>
							<catalog>afya Course</catalog>
							<entry>
								<langstring xml:lang="x-none">Course_ID1</langstring>
							</entry>
						</catalogentry>
						<description>
							<langstring xml:lang="x-none"></langstring>
						</description>
						<keyword>
							<langstring xml:lang="x-none"></langstring>
						</keyword>
					</general>
					<lifecycle>
						<version>
							<langstring xml:lang="x-none">1.0</langstring>
						</version>
						<status>
							<source>
								<langstring xml:lang="x-none">LOMv1.0</langstring>
							</source>
							<value>
								<langstring xml:lang="x-none">Final</langstring>
							</value>
						</status>
					</lifecycle>
					<metametadata>
						<metadatascheme>ADL SCORM 1.2</metadatascheme>
					</metametadata>
					<technical>
						<format>text/html</format>
						<location>.</location>
					</technical>
					<educational>
						<typicallearningtime>
							<datetime></datetime>
						</typicallearningtime>
					</educational>
					<rights>
						<cost>
							<source>
								<langstring xml:lang="x-none">LOMv1.0</langstring>
							</source>
							<value>
								<langstring xml:lang="x-none">no</langstring>
							</value>
						</cost>
						<copyrightandotherrestrictions>
							<source>
								<langstring xml:lang="x-none">LOMv1.0</langstring>
							</source>
							<value>
								<langstring xml:lang="x-none">no</langstring>
							</value>
						</copyrightandotherrestrictions>
					</rights>
					<classification>
						<purpose>
							<source>
								<langstring xml:lang="x-none">LOMv1.0</langstring>
							</source>
							<value>
								<langstring xml:lang="x-none">Idea</langstring>
							</value>
						</purpose>
						<description>
							<langstring xml:lang="x-none"></langstring>
						</description>
						<keyword>
							<langstring xml:lang="x-none">Afya</langstring>
							<langstring xml:lang="x-none"></langstring>
						</keyword>
					</classification>
				</lom>
			</metadata>
		
		</organization>
		
	</organizations>

	<resources>
		
		<resource identifier="INC" adlcp:scormtype="asset" type="webcontent">
			<file href="assets/scripts/APIWrapper.js"/>
			<file href="assets/scripts/SCOFunctions.js"/>
		</resource>
		<resource identifier="RES_1" type="webcontent" adlcp:scormtype="sco" href="screen-1.html">
			<file href="screen-1.html"/>
			<dependency identifierref="INC"/>
		</resource>
		<resource identifier="RES_2" type="webcontent" adlcp:scormtype="sco" href="screen-2.html">
			<file href="screen-2.html"/>
			<dependency identifierref="INC"/>
		</resource>
		<resource identifier="RES_3" type="webcontent" adlcp:scormtype="sco" href="screen-3.html">
			<file href="screen-3.html"/>
			<dependency identifierref="INC"/>
		</resource>
		<resource identifier="RES_4" type="webcontent" adlcp:scormtype="sco" href="screen-4.html">
			<file href="screen-4.html"/>
			<dependency identifierref="INC"/>
		</resource>
		<resource identifier="RES_5" type="webcontent" adlcp:scormtype="sco" href="screen-5.html">
			<file href="screen-5.html"/>
			<dependency identifierref="INC"/>
		</resource>
		<resource identifier="RES_6" type="webcontent" adlcp:scormtype="sco" href="screen-6.html">
			<file href="screen-6.html"/>
			<dependency identifierref="INC"/>
		</resource>
		<resource identifier="RES_7" type="webcontent" adlcp:scormtype="sco" href="screen-7.html">
			<file href="screen-7.html"/>
			<dependency identifierref="INC"/>
		</resource>
		<resource identifier="RES_8" type="webcontent" adlcp:scormtype="sco" href="screen-8.html">
			<file href="screen-8.html"/>
			<dependency identifierref="INC"/>
		</resource>
		<resource identifier="RES_9" type="webcontent" adlcp:scormtype="sco" href="screen-9.html">
			<file href="screen-9.html"/>
			<dependency identifierref="INC"/>
		</resource>
		<resource identifier="RES_10" type="webcontent" adlcp:scormtype="sco" href="screen-10.html">
			<file href="screen-10.html"/>
			<dependency identifierref="INC"/>
		</resource>
		<resource identifier="RES_11" type="webcontent" adlcp:scormtype="sco" href="screen-11.html">
			<file href="screen-11.html"/>
			<dependency identifierref="INC"/>
		</resource>
		<resource identifier="RES_12" type="webcontent" adlcp:scormtype="sco" href="screen-12.html">
			<file href="screen-12.html"/>
			<dependency identifierref="INC"/>
		</resource>
		<resource identifier="RES_13" type="webcontent" adlcp:scormtype="sco" href="screen-13.html">
			<file href="screen-13.html"/>
			<dependency identifierref="INC"/>
		</resource>
		<resource identifier="RES_14" type="webcontent" adlcp:scormtype="sco" href="screen-14.html">
			<file href="screen-14.html"/>
			<dependency identifierref="INC"/>
		</resource>
		<resource identifier="RES_15" type="webcontent" adlcp:scormtype="sco" href="screen-15.html">
			<file href="screen-15.html"/>
			<dependency identifierref="INC"/>
		</resource>
		<resource identifier="RES_16" type="webcontent" adlcp:scormtype="sco" href="screen-16.html">
			<file href="screen-16.html"/>
			<dependency identifierref="INC"/>
		</resource>
		<resource identifier="RES_17" type="webcontent" adlcp:scormtype="sco" href="screen-17.html">
			<file href="screen-17.html"/>
			<dependency identifierref="INC"/>
		</resource>
		<resource identifier="RES_18" type="webcontent" adlcp:scormtype="sco" href="screen-18.html">
			<file href="screen-18.html"/>
			<dependency identifierref="INC"/>
		</resource>
		<resource identifier="RES_19" type="webcontent" adlcp:scormtype="sco" href="screen-19.html">
			<file href="screen-19.html"/>
			<dependency identifierref="INC"/>
		</resource>
		<resource identifier="RES_20" type="webcontent" adlcp:scormtype="sco" href="screen-20.html">
			<file href="screen-20.html"/>
			<dependency identifierref="INC"/>
		</resource>
		<resource identifier="RES_21" type="webcontent" adlcp:scormtype="sco" href="screen-21.html">
			<file href="screen-21.html"/>
			<dependency identifierref="INC"/>
		</resource>
		<resource identifier="RES_22" type="webcontent" adlcp:scormtype="sco" href="screen-22.html">
			<file href="screen-22.html"/>
			<dependency identifierref="INC"/>
		</resource>
		<resource identifier="RES_23" type="webcontent" adlcp:scormtype="sco" href="screen-23.html">
			<file href="screen-23.html"/>
			<dependency identifierref="INC"/>
		</resource>
		<resource identifier="RES_24" type="webcontent" adlcp:scormtype="sco" href="screen-24.html">
			<file href="screen-24.html"/>
			<dependency identifierref="INC"/>
		</resource>
		<resource identifier="RES_25" type="webcontent" adlcp:scormtype="sco" href="screen-25.html">
			<file href="screen-25.html"/>
			<dependency identifierref="INC"/>
		</resource>
		<resource identifier="RES_26" type="webcontent" adlcp:scormtype="sco" href="screen-26.html">
			<file href="screen-26.html"/>
			<dependency identifierref="INC"/>
		</resource>
		<resource identifier="RES_27" type="webcontent" adlcp:scormtype="sco" href="screen-27.html">
			<file href="screen-27.html"/>
			<dependency identifierref="INC"/>
		</resource>
		<resource identifier="RES_28" type="webcontent" adlcp:scormtype="sco" href="screen-28.html">
			<file href="screen-28.html"/>
			<dependency identifierref="INC"/>
		</resource>
		<resource identifier="RES_29" type="webcontent" adlcp:scormtype="sco" href="screen-29.html">
			<file href="screen-29.html"/>
			<dependency identifierref="INC"/>
		</resource>
		<resource identifier="RES_30" type="webcontent" adlcp:scormtype="sco" href="screen-30.html">
			<file href="screen-30.html"/>
			<dependency identifierref="INC"/>
		</resource>
		<resource identifier="RES_31" type="webcontent" adlcp:scormtype="sco" href="screen-31.html">
			<file href="screen-31.html"/>
			<dependency identifierref="INC"/>
		</resource>
		<resource identifier="RES_32" type="webcontent" adlcp:scormtype="sco" href="screen-32.html">
			<file href="screen-32.html"/>
			<dependency identifierref="INC"/>
		</resource>
		<resource identifier="RES_33" type="webcontent" adlcp:scormtype="sco" href="screen-33.html">
			<file href="screen-33.html"/>
			<dependency identifierref="INC"/>
		</resource>
		<resource identifier="RES_34" type="webcontent" adlcp:scormtype="sco" href="screen-34.html">
			<file href="screen-34.html"/>
			<dependency identifierref="INC"/>
		</resource>
		<resource identifier="RES_35" type="webcontent" adlcp:scormtype="sco" href="screen-35.html">
			<file href="screen-35.html"/>
			<dependency identifierref="INC"/>
		</resource>
		<resource identifier="RES_36" type="webcontent" adlcp:scormtype="sco" href="screen-36.html">
			<file href="screen-36.html"/>
			<dependency identifierref="INC"/>
		</resource>
		<resource identifier="RES_37" type="webcontent" adlcp:scormtype="sco" href="screen-37.html">
			<file href="screen-37.html"/>
			<dependency identifierref="INC"/>
		</resource>
		<resource identifier="RES_38" type="webcontent" adlcp:scormtype="sco" href="screen-38.html">
			<file href="screen-38.html"/>
			<dependency identifierref="INC"/>
		</resource>
		<resource identifier="RES_39" type="webcontent" adlcp:scormtype="sco" href="screen-39.html">
			<file href="screen-39.html"/>
			<dependency identifierref="INC"/>
		</resource>
		<resource identifier="RES_40" type="webcontent" adlcp:scormtype="sco" href="screen-40.html">
			<file href="screen-40.html"/>
			<dependency identifierref="INC"/>
		</resource>
		<resource identifier="RES_41" type="webcontent" adlcp:scormtype="sco" href="screen-41.html">
			<file href="screen-41.html"/>
			<dependency identifierref="INC"/>
		</resource>
		<resource identifier="RES_42" type="webcontent" adlcp:scormtype="sco" href="screen-42.html">
			<file href="screen-42.html"/>
			<dependency identifierref="INC"/>
		</resource>
		<resource identifier="RES_43" type="webcontent" adlcp:scormtype="sco" href="screen-43.html">
			<file href="screen-43.html"/>
			<dependency identifierref="INC"/>
		</resource>
		<resource identifier="RES_44" type="webcontent" adlcp:scormtype="sco" href="screen-44.html">
			<file href="screen-44.html"/>
			<dependency identifierref="INC"/>
		</resource>
		<resource identifier="RES_45" type="webcontent" adlcp:scormtype="sco" href="screen-45.html">
			<file href="screen-45.html"/>
			<dependency identifierref="INC"/>
		</resource>
		<resource identifier="RES_46" type="webcontent" adlcp:scormtype="sco" href="screen-46.html">
			<file href="screen-46.html"/>
			<dependency identifierref="INC"/>
		</resource>
	</resources>
</manifest>