<?xml version="1.0" encoding="utf-8" ?>
<manifest identifier="SingleCourseManifest" version="1.2"
          xmlns="http://www.imsproject.org/xsd/imscp_rootv1p1p2"
          xmlns:adlcp="http://www.adlnet.org/xsd/adlcp_rootv1p2"
          xmlns:xsi="http://www.w3.org/2001/XMLSchema-instance"
          xsi:schemaLocation="http://www.imsproject.org/xsd/imscp_rootv1p1p2 imscp_rootv1p1p2.xsd
                              http://www.imsglobal.org/xsd/imsmd_rootv1p2p1 imsmd_rootv1p2p1.xsd
                              http://www.adlnet.org/xsd/adlcp_rootv1p2 adlcp_rootv1p2.xsd">
	
	<organizations default="TreinamentoSESMT2023">
		
		<organization identifier="TreinamentoSESMT2023">
			
			<title>SESMT - Integração</title>

			<item identifier="MOD_001">
				<title>Módulo</title>
			
				<item identifier="MOD_1_SCO_1" identifierref="RES_1" isvisible="true">
					<title>Serviços Especializados em Segurança e em Medicina do Trabalho</title>
				</item>

				<item identifier="MOD_1_SCO_2" identifierref="RES_2" isvisible="true">
					<title>Requisitos de Saúde e Segurança do Trabalho na Afya</title>
				</item>

				<item identifier="MOD_1_SCO_3" identifierref="RES_3" isvisible="true">
					<title>Política SESMT</title>
				</item>

				<item identifier="MOD_1_SCO_4" identifierref="RES_4" isvisible="true">
					<title>Política de SSO – Responsabilidade de Todos</title>
				</item>

				<item identifier="MOD_1_SCO_5" identifierref="RES_5" isvisible="true">
					<title>Política de Saúde e Segurança Ocupacional (SSO)</title>
				</item>

				<item identifier="MOD_1_SCO_6" identifierref="RES_6" isvisible="true">
					<title>Responsabilidade de Todos</title>
				</item>

				<item identifier="MOD_1_SCO_7" identifierref="RES_7" isvisible="true">
					<title>Identificação de Perigos e Riscos</title>
				</item>

				<item identifier="MOD_1_SCO_8" identifierref="RES_8" isvisible="true">
					<title>Identificação de Perigos e Riscos</title>
				</item>

				<item identifier="MOD_1_SCO_9" identifierref="RES_9" isvisible="true">
					<title>Direito de Recusa</title>
				</item>

				<item identifier="MOD_1_SCO_10" identifierref="RES_10" isvisible="true">
					<title>Direito de Recusa</title>
				</item>

				<item identifier="MOD_1_SCO_11" identifierref="RES_11" isvisible="true">
					<title>EPI e EPC</title>
				</item>

				<item identifier="MOD_1_SCO_12" identifierref="RES_12" isvisible="true">
					<title>Equipamento de Proteção Individual - NR 6</title>
				</item>
				
				<item identifier="MOD_1_SCO_13" identifierref="RES_13" isvisible="true">
					<title>Comissão Interna de Prevenção de Acidentes e Assédio</title>
				</item>
				
				<item identifier="MOD_1_SCO_14" identifierref="RES_14" isvisible="true">
					<title>Comissão Interna de Prevenção de Acidentes e Assédio (CIPA)</title>
				</item>
				
				<item identifier="MOD_1_SCO_15" identifierref="RES_15" isvisible="true">
					<title>Ações Voltadas Para Denúncia de Assédio</title>
				</item>
				
				<item identifier="MOD_1_SCO_16" identifierref="RES_16" isvisible="true">
					<title>Prevenção e Combate a Incêndios</title>
				</item>
				
				<item identifier="MOD_1_SCO_17" identifierref="RES_17" isvisible="true">
					<title>Prevenção Contra Incêndio</title>
				</item>
				
				<item identifier="MOD_1_SCO_18" identifierref="RES_18" isvisible="true">
					<title>Prevenção Contra Incêndio</title>
				</item>
				
				<item identifier="MOD_1_SCO_19" identifierref="RES_19" isvisible="true">
					<title>Prevenção Contra Incêndio</title>
				</item>
				
				<item identifier="MOD_1_SCO_20" identifierref="RES_20" isvisible="true">
					<title>Prevenção Contra Incêndio</title>
				</item>

				<item identifier="MOD_1_SCO_21" identifierref="RES_21" isvisible="true">
					<title>Prevenção Contra Incêndio</title>
				</item>

				<item identifier="MOD_1_SCO_22" identifierref="RES_22" isvisible="true">
					<title>Riscos com Perfurocortantes</title>
				</item>

				<item identifier="MOD_1_SCO_23" identifierref="RES_23" isvisible="true">
					<title>Riscos com Perfurocortantes</title>
				</item>

				<item identifier="MOD_1_SCO_24" identifierref="RES_24" isvisible="true">
					<title>Exames Ocupacionais</title>
				</item>

				<item identifier="MOD_1_SCO_25" identifierref="RES_25" isvisible="true">
					<title>Exame Periódico</title>
				</item>

				<item identifier="MOD_1_SCO_26" identifierref="RES_26" isvisible="true">
					<title>Atestados Médicos</title>
				</item>

				<item identifier="MOD_1_SCO_27" identifierref="RES_27" isvisible="true">
					<title>Atestado Médico</title>
				</item>

				<item identifier="MOD_1_SCO_28" identifierref="RES_28" isvisible="true">
					<title>A Importância de Entregar o Atestado no Prazo Estipulado</title>
				</item>

				<item identifier="MOD_1_SCO_29" identifierref="RES_29" isvisible="true">
					<title>Agendamento INSS</title>
				</item>

				<item identifier="MOD_1_SCO_30" identifierref="RES_30" isvisible="true">
					<title>Agendamento Previdência Social</title>
				</item>

				<item identifier="MOD_1_SCO_31" identifierref="RES_31" isvisible="true">
					<title>PAE – Plano de Atendimento a Emergências</title>
				</item>

				<item identifier="MOD_1_SCO_32" identifierref="RES_32" isvisible="true">
					<title>PAE – Plano de Atendimento a Emergências</title>
				</item>

				<item identifier="MOD_1_SCO_33" identifierref="RES_33" isvisible="true">
					<title>Acidentes do Trabalho</title>
				</item>

				<item identifier="MOD_1_SCO_34" identifierref="RES_34" isvisible="true">
					<title>Lei nº 6.367 de 19 de Outubro de 1976</title>
				</item>

				<item identifier="MOD_1_SCO_35" identifierref="RES_35" isvisible="true">
					<title>Mensagem Final do SESMT</title>
				</item>

				<item identifier="MOD_1_SCO_36" identifierref="RES_36" isvisible="true">
					<title>Obrigado!</title>
				</item>

			</item>
			
			<metadata>
				<schema>ADL SCORM</schema>
				<schemaversion>1.2</schemaversion>
				<lom xmlns="http://www.imsglobal.org/xsd/imsmd_rootv1p2p1"
					xmlns:xsi="http://www.w3.org/2001/XMLSchema-instance"
					xsi:schemaLocation="http://www.imsglobal.org/xsd/imsmd_rootv1p2p1 imsmd_rootv1p2p1.xsd">
					<general>
						<title>
							<langstring xml:lang="x-none">E-learning Course</langstring>
						</title>
						<catalogentry>
							<catalog>afya Course</catalog>
							<entry>
								<langstring xml:lang="x-none">Course_ID1</langstring>
							</entry>
						</catalogentry>
						<description>
							<langstring xml:lang="x-none"></langstring>
						</description>
						<keyword>
							<langstring xml:lang="x-none"></langstring>
						</keyword>
					</general>
					<lifecycle>
						<version>
							<langstring xml:lang="x-none">1.0</langstring>
						</version>
						<status>
							<source>
								<langstring xml:lang="x-none">LOMv1.0</langstring>
							</source>
							<value>
								<langstring xml:lang="x-none">Final</langstring>
							</value>
						</status>
					</lifecycle>
					<metametadata>
						<metadatascheme>ADL SCORM 1.2</metadatascheme>
					</metametadata>
					<technical>
						<format>text/html</format>
						<location>.</location>
					</technical>
					<educational>
						<typicallearningtime>
							<datetime></datetime>
						</typicallearningtime>
					</educational>
					<rights>
						<cost>
							<source>
								<langstring xml:lang="x-none">LOMv1.0</langstring>
							</source>
							<value>
								<langstring xml:lang="x-none">no</langstring>
							</value>
						</cost>
						<copyrightandotherrestrictions>
							<source>
								<langstring xml:lang="x-none">LOMv1.0</langstring>
							</source>
							<value>
								<langstring xml:lang="x-none">no</langstring>
							</value>
						</copyrightandotherrestrictions>
					</rights>
					<classification>
						<purpose>
							<source>
								<langstring xml:lang="x-none">LOMv1.0</langstring>
							</source>
							<value>
								<langstring xml:lang="x-none">Idea</langstring>
							</value>
						</purpose>
						<description>
							<langstring xml:lang="x-none"></langstring>
						</description>
						<keyword>
							<langstring xml:lang="x-none">Afya</langstring>
							<langstring xml:lang="x-none"></langstring>
						</keyword>
					</classification>
				</lom>
			</metadata>
		
		</organization>
		
	</organizations>

	<resources>
		
		<resource identifier="INC" adlcp:scormtype="asset" type="webcontent">
			<file href="assets/scripts/APIWrapper.js"/>
			<file href="assets/scripts/SCOFunctions.js"/>
		</resource>
		<resource identifier="RES_1" type="webcontent" adlcp:scormtype="sco" href="screen-1.html">
			<file href="screen-1.html"/>
			<dependency identifierref="INC"/>
		</resource>
		<resource identifier="RES_2" type="webcontent" adlcp:scormtype="sco" href="screen-2.html">
			<file href="screen-2.html"/>
			<dependency identifierref="INC"/>
		</resource>
		<resource identifier="RES_3" type="webcontent" adlcp:scormtype="sco" href="screen-3.html">
			<file href="screen-3.html"/>
			<dependency identifierref="INC"/>
		</resource>
		<resource identifier="RES_4" type="webcontent" adlcp:scormtype="sco" href="screen-4.html">
			<file href="screen-4.html"/>
			<dependency identifierref="INC"/>
		</resource>
		<resource identifier="RES_5" type="webcontent" adlcp:scormtype="sco" href="screen-5.html">
			<file href="screen-5.html"/>
			<dependency identifierref="INC"/>
		</resource>
		<resource identifier="RES_6" type="webcontent" adlcp:scormtype="sco" href="screen-6.html">
			<file href="screen-6.html"/>
			<dependency identifierref="INC"/>
		</resource>
		<resource identifier="RES_7" type="webcontent" adlcp:scormtype="sco" href="screen-7.html">
			<file href="screen-7.html"/>
			<dependency identifierref="INC"/>
		</resource>
		<resource identifier="RES_8" type="webcontent" adlcp:scormtype="sco" href="screen-8.html">
			<file href="screen-8.html"/>
			<dependency identifierref="INC"/>
		</resource>
		<resource identifier="RES_9" type="webcontent" adlcp:scormtype="sco" href="screen-9.html">
			<file href="screen-9.html"/>
			<dependency identifierref="INC"/>
		</resource>
		<resource identifier="RES_10" type="webcontent" adlcp:scormtype="sco" href="screen-10.html">
			<file href="screen-10.html"/>
			<dependency identifierref="INC"/>
		</resource>
		<resource identifier="RES_11" type="webcontent" adlcp:scormtype="sco" href="screen-11.html">
			<file href="screen-11.html"/>
			<dependency identifierref="INC"/>
		</resource>
		<resource identifier="RES_12" type="webcontent" adlcp:scormtype="sco" href="screen-12.html">
			<file href="screen-12.html"/>
			<dependency identifierref="INC"/>
		</resource>
		<resource identifier="RES_13" type="webcontent" adlcp:scormtype="sco" href="screen-13.html">
			<file href="screen-13.html"/>
			<dependency identifierref="INC"/>
		</resource>
		<resource identifier="RES_14" type="webcontent" adlcp:scormtype="sco" href="screen-14.html">
			<file href="screen-14.html"/>
			<dependency identifierref="INC"/>
		</resource>
		<resource identifier="RES_15" type="webcontent" adlcp:scormtype="sco" href="screen-15.html">
			<file href="screen-15.html"/>
			<dependency identifierref="INC"/>
		</resource>
		<resource identifier="RES_16" type="webcontent" adlcp:scormtype="sco" href="screen-16.html">
			<file href="screen-16.html"/>
			<dependency identifierref="INC"/>
		</resource>
		<resource identifier="RES_17" type="webcontent" adlcp:scormtype="sco" href="screen-17.html">
			<file href="screen-17.html"/>
			<dependency identifierref="INC"/>
		</resource>
		<resource identifier="RES_18" type="webcontent" adlcp:scormtype="sco" href="screen-18.html">
			<file href="screen-18.html"/>
			<dependency identifierref="INC"/>
		</resource>
		<resource identifier="RES_19" type="webcontent" adlcp:scormtype="sco" href="screen-19.html">
			<file href="screen-19.html"/>
			<dependency identifierref="INC"/>
		</resource>
		<resource identifier="RES_20" type="webcontent" adlcp:scormtype="sco" href="screen-20.html">
			<file href="screen-20.html"/>
			<dependency identifierref="INC"/>
		</resource>
		<resource identifier="RES_21" type="webcontent" adlcp:scormtype="sco" href="screen-21.html">
			<file href="screen-21.html"/>
			<dependency identifierref="INC"/>
		</resource>
		<resource identifier="RES_22" type="webcontent" adlcp:scormtype="sco" href="screen-22.html">
			<file href="screen-22.html"/>
			<dependency identifierref="INC"/>
		</resource>
		<resource identifier="RES_23" type="webcontent" adlcp:scormtype="sco" href="screen-23.html">
			<file href="screen-23.html"/>
			<dependency identifierref="INC"/>
		</resource>
		<resource identifier="RES_24" type="webcontent" adlcp:scormtype="sco" href="screen-24.html">
			<file href="screen-24.html"/>
			<dependency identifierref="INC"/>
		</resource>
		<resource identifier="RES_25" type="webcontent" adlcp:scormtype="sco" href="screen-25.html">
			<file href="screen-25.html"/>
			<dependency identifierref="INC"/>
		</resource>
		<resource identifier="RES_26" type="webcontent" adlcp:scormtype="sco" href="screen-26.html">
			<file href="screen-26.html"/>
			<dependency identifierref="INC"/>
		</resource>
		<resource identifier="RES_27" type="webcontent" adlcp:scormtype="sco" href="screen-27.html">
			<file href="screen-27.html"/>
			<dependency identifierref="INC"/>
		</resource>
		<resource identifier="RES_28" type="webcontent" adlcp:scormtype="sco" href="screen-28.html">
			<file href="screen-28.html"/>
			<dependency identifierref="INC"/>
		</resource>
		<resource identifier="RES_29" type="webcontent" adlcp:scormtype="sco" href="screen-29.html">
			<file href="screen-29.html"/>
			<dependency identifierref="INC"/>
		</resource>
		<resource identifier="RES_30" type="webcontent" adlcp:scormtype="sco" href="screen-30.html">
			<file href="screen-30.html"/>
			<dependency identifierref="INC"/>
		</resource>
		<resource identifier="RES_31" type="webcontent" adlcp:scormtype="sco" href="screen-31.html">
			<file href="screen-31.html"/>
			<dependency identifierref="INC"/>
		</resource>
		<resource identifier="RES_32" type="webcontent" adlcp:scormtype="sco" href="screen-32.html">
			<file href="screen-32.html"/>
			<dependency identifierref="INC"/>
		</resource>
		<resource identifier="RES_33" type="webcontent" adlcp:scormtype="sco" href="screen-33.html">
			<file href="screen-33.html"/>
			<dependency identifierref="INC"/>
		</resource>
		<resource identifier="RES_34" type="webcontent" adlcp:scormtype="sco" href="screen-34.html">
			<file href="screen-34.html"/>
			<dependency identifierref="INC"/>
		</resource>
		<resource identifier="RES_35" type="webcontent" adlcp:scormtype="sco" href="screen-35.html">
			<file href="screen-35.html"/>
			<dependency identifierref="INC"/>
		</resource>
		<resource identifier="RES_36" type="webcontent" adlcp:scormtype="sco" href="screen-36.html">
			<file href="screen-36.html"/>
			<dependency identifierref="INC"/>
		</resource>
	</resources>
</manifest>